{
  "0": {
    "leftPct": 86,
    "topPct": 87.2702445220705,
    "widthPct": 14,
    "heightPct": 12.729755477929501
  },
  "1": {
    "leftPct": 78,
    "topPct": 87.2702445220705,
    "widthPct": 8.38107335662115,
    "heightPct": 12.729755477929501
  },
  "2": {
    "leftPct": 69.87297554779295,
    "topPct": 87.14322006986345,
    "widthPct": 8,
    "heightPct": 12.85677993013655
  },
  "3": {
    "leftPct": 61.61892664337885,
    "topPct": 86.88917116544935,
    "widthPct": 8.508097808828198,
    "heightPct": 13.11082883455065
  },
  "4": {
    "leftPct": 53.4919021911718,
    "topPct": 86.7621467132423,
    "widthPct": 8.38107335662115,
    "heightPct": 13.237853286757701
  },
  "5": {
    "leftPct": 45.4919021911718,
    "topPct": 86.7621467132423,
    "widthPct": 8.38107335662115,
    "heightPct": 13.2378532867577
  },
  "6": {
    "leftPct": 37.36487773896475,
    "topPct": 86.63512226103525,
    "widthPct": 8.38107335662115,
    "heightPct": 13.36487773896475
  },
  "7": {
    "leftPct": 29.36487773896475,
    "topPct": 86.63512226103525,
    "widthPct": 8.2540489044141,
    "heightPct": 13.36487773896475
  },
  "8": {
    "leftPct": 21.4919021911718,
    "topPct": 86.5080978088282,
    "widthPct": 8.127024452207051,
    "heightPct": 13.4919021911718
  },
  "9": {
    "leftPct": 13.36487773896475,
    "topPct": 86.5080978088282,
    "widthPct": 8.38107335662115,
    "heightPct": 13.491902191171802
  },
  "10": {
    "leftPct": 0,
    "topPct": 86.5080978088282,
    "widthPct": 13.7459510955859,
    "heightPct": 13.4919021911718
  },
  "11": {
    "leftPct": 0,
    "topPct": 78.63512226103525,
    "widthPct": 13.61892664337885,
    "heightPct": 8.2540489044141
  },
  "12": {
    "leftPct": 0,
    "topPct": 70.63512226103525,
    "widthPct": 13.87297554779295,
    "heightPct": 8.38107335662115
  },
  "13": {
    "leftPct": 0,
    "topPct": 62.63512226103525,
    "widthPct": 13.61892664337885,
    "heightPct": 8.2540489044141
  },
  "14": {
    "leftPct": 0,
    "topPct": 54.508097808828204,
    "widthPct": 13.61892664337885,
    "heightPct": 8.5080978088282
  },
  "15": {
    "leftPct": 0,
    "topPct": 46.63512226103525,
    "widthPct": 14,
    "heightPct": 8.2540489044141
  },
  "16": {
    "leftPct": 0,
    "topPct": 38.5080978088282,
    "widthPct": 13.4919021911718,
    "heightPct": 8.38107335662115
  },
  "17": {
    "leftPct": 0,
    "topPct": 30.2540489044141,
    "widthPct": 13.36487773896475,
    "heightPct": 8.5080978088282
  },
  "18": {
    "leftPct": 0,
    "topPct": 22.12702445220705,
    "widthPct": 13.11082883455065,
    "heightPct": 8.38107335662115
  },
  "19": {
    "leftPct": 0,
    "topPct": 13.872975547792949,
    "widthPct": 13.2378532867577,
    "heightPct": 8.508097808828198
  },
  "20": {
    "leftPct": 0,
    "topPct": 0,
    "widthPct": 13.11082883455065,
    "heightPct": 14
  },
  "21": {
    "leftPct": 12.85677993013655,
    "topPct": 0,
    "widthPct": 8.381073356621151,
    "heightPct": 14
  },
  "22": {
    "leftPct": 20.9838043823436,
    "topPct": 0,
    "widthPct": 8.2540489044141,
    "heightPct": 14
  },
  "23": {
    "leftPct": 28.9838043823436,
    "topPct": 0,
    "widthPct": 8.508097808828198,
    "heightPct": 13.87297554779295
  },
  "24": {
    "leftPct": 37.2378532867577,
    "topPct": 0,
    "widthPct": 8.762146713242299,
    "heightPct": 13.745951095585898
  },
  "25": {
    "leftPct": 45.491902191171796,
    "topPct": 0,
    "widthPct": 8.889171165449348,
    "heightPct": 13.7459510955859
  },
  "26": {
    "leftPct": 54,
    "topPct": 0,
    "widthPct": 8.63512226103525,
    "heightPct": 13.61892664337885
  },
  "27": {
    "leftPct": 62.38107335662115,
    "topPct": 0,
    "widthPct": 8.5080978088282,
    "heightPct": 13.87297554779295
  },
  "28": {
    "leftPct": 70.63512226103525,
    "topPct": 0,
    "widthPct": 8.63512226103525,
    "heightPct": 13.87297554779295
  },
  "29": {
    "leftPct": 78.88917116544935,
    "topPct": 0,
    "widthPct": 8.63512226103525,
    "heightPct": 14.12702445220705
  },
  "30": {
    "leftPct": 87.14322006986345,
    "topPct": 0,
    "widthPct": 12.85677993013655,
    "heightPct": 14
  },
  "31": {
    "leftPct": 86.88917116544935,
    "topPct": 14,
    "widthPct": 13.11082883455065,
    "heightPct": 8.2540489044141
  },
  "32": {
    "leftPct": 87.14322006986345,
    "topPct": 22.12702445220705,
    "widthPct": 12.85677993013655,
    "heightPct": 7.87297554779295
  },
  "33": {
    "leftPct": 86.7621467132423,
    "topPct": 30.2540489044141,
    "widthPct": 13.237853286757701,
    "heightPct": 8.508097808828198
  },
  "34": {
    "leftPct": 86.63512226103525,
    "topPct": 38.762146713242295,
    "widthPct": 13.36487773896475,
    "heightPct": 8.38107335662115
  },
  "35": {
    "leftPct": 86.38107335662114,
    "topPct": 46.7621467132423,
    "widthPct": 13.61892664337885,
    "heightPct": 8.2540489044141
  },
  "36": {
    "leftPct": 86.2540489044141,
    "topPct": 54.63512226103525,
    "widthPct": 13.7459510955859,
    "heightPct": 8.5080978088282
  },
  "37": {
    "leftPct": 86.12702445220705,
    "topPct": 62.889171165449355,
    "widthPct": 13.87297554779295,
    "heightPct": 8.5080978088282
  },
  "38": {
    "leftPct": 86.12702445220705,
    "topPct": 71.01619561765641,
    "widthPct": 13.87297554779295,
    "heightPct": 8.5080978088282
  },
  "39": {
    "leftPct": 86.12702445220705,
    "topPct": 79.14322006986345,
    "widthPct": 13.87297554779295,
    "heightPct": 8.5080978088282
  }
}
